symbol,benchmark,n,beta,alpha_daily,r2,corr,se_beta,ann_vol,bench_ann_vol,start,end,window
GOOGL,SPY,252,1.356595,0.000748,0.309491,0.556319,0.128157,0.316398,0.129750,2025-10-01,2026-10-01,1y_252d
GOOGL,SPY,60,1.424611,-0.001262,0.211464,0.459852,0.361223,0.345172,0.111419,2026-07-09,2026-10-01,60d
GOOGL,QQQ,252,0.765179,0.000861,0.231991,0.481654,0.088052,0.316398,0.199162,2025-10-01,2026-10-01,1y_252d
GOOGL,QQQ,60,0.591822,-0.001107,0.106071,0.325686,0.225595,0.345172,0.189952,2026-07-09,2026-10-01,60d
MSFT,SPY,252,0.959387,-0.000345,0.144877,0.380627,0.147414,0.327041,0.129750,2025-10-01,2026-10-01,1y_252d
MSFT,SPY,60,1.895789,0.004552,0.276477,0.525811,0.402692,0.401715,0.111419,2026-07-09,2026-10-01,60d
MSFT,QQQ,252,0.548026,-0.000272,0.111381,0.333737,0.097900,0.327041,0.199162,2025-10-01,2026-10-01,1y_252d
MSFT,QQQ,60,0.896095,0.004680,0.179539,0.423721,0.251530,0.401715,0.189952,2026-07-09,2026-10-01,60d
V,SPY,252,0.291018,0.000161,0.029260,0.171055,0.106015,0.220746,0.129750,2025-10-01,2026-10-01,1y_252d
V,SPY,60,0.032241,0.000668,0.000372,0.019282,0.219511,0.186298,0.111419,2026-07-09,2026-10-01,60d
V,QQQ,252,0.009777,0.000328,0.000078,0.008821,0.070097,0.220746,0.199162,2025-10-01,2026-10-01,1y_252d
V,QQQ,60,-0.216649,0.000837,0.048796,-0.220899,0.125599,0.186298,0.189952,2026-07-09,2026-10-01,60d
HLT,SPY,252,0.583353,0.000559,0.103123,0.321128,0.108805,0.235701,0.129750,2025-10-01,2026-10-01,1y_252d
HLT,SPY,60,0.132232,-0.000781,0.004247,0.065171,0.265854,0.226068,0.111419,2026-07-09,2026-10-01,60d
HLT,QQQ,252,0.206779,0.000720,0.030528,0.174724,0.073697,0.235701,0.199162,2025-10-01,2026-10-01,1y_252d
HLT,QQQ,60,0.063361,-0.000773,0.002834,0.053239,0.156050,0.226068,0.189952,2026-07-09,2026-10-01,60d
AMT,SPY,252,-0.072852,-0.000318,0.001301,-0.036065,0.127673,0.262096,0.129750,2025-10-01,2026-10-01,1y_252d
AMT,SPY,60,0.038400,0.000071,0.000311,0.017625,0.286041,0.242755,0.111419,2026-07-09,2026-10-01,60d
AMT,QQQ,252,-0.225723,-0.000154,0.029420,-0.171522,0.081997,0.262096,0.199162,2025-10-01,2026-10-01,1y_252d
AMT,QQQ,60,-0.135626,0.000185,0.011263,-0.106126,0.166859,0.242755,0.189952,2026-07-09,2026-10-01,60d
ADYEN.AS,SPY,252,1.448518,-0.002244,0.156491,0.395589,0.212693,0.475102,0.129750,2025-10-01,2026-10-01,1y_252d
ADYEN.AS,SPY,60,1.977634,0.000284,0.188605,0.434287,0.538607,0.507372,0.111419,2026-07-09,2026-10-01,60d
ADYEN.AS,QQQ,252,0.765232,-0.002075,0.102902,0.320784,0.142900,0.475102,0.199162,2025-10-01,2026-10-01,1y_252d
ADYEN.AS,QQQ,60,0.675731,0.000605,0.064000,0.252982,0.339318,0.507372,0.189952,2026-07-09,2026-10-01,60d
SNPS,SPY,252,1.624631,-0.000589,0.219517,0.468527,0.193746,0.449912,0.129750,2025-10-01,2026-10-01,1y_252d
SNPS,SPY,60,1.943324,0.001889,0.150634,0.388116,0.605923,0.557881,0.111419,2026-07-09,2026-10-01,60d
SNPS,QQQ,252,1.125788,-0.000646,0.248353,0.498350,0.123868,0.449912,0.199162,2025-10-01,2026-10-01,1y_252d
SNPS,QQQ,60,1.280501,0.001760,0.190092,0.435996,0.347058,0.557881,0.189952,2026-07-09,2026-10-01,60d
EQIX,SPY,252,0.483801,0.000889,0.062189,0.249377,0.118822,0.251720,0.129750,2025-10-01,2026-10-01,1y_252d
EQIX,SPY,60,1.053567,-0.000450,0.178014,0.421917,0.297272,0.278223,0.111419,2026-07-09,2026-10-01,60d
EQIX,QQQ,252,0.281368,0.000922,0.049560,0.222620,0.077930,0.251720,0.199162,2025-10-01,2026-10-01,1y_252d
EQIX,QQQ,60,0.661243,-0.000496,0.203809,0.451452,0.171611,0.278223,0.189952,2026-07-09,2026-10-01,60d
NVDA,SPY,252,1.878161,-0.000017,0.419477,0.647670,0.139739,0.376258,0.129750,2025-10-01,2026-10-01,1y_252d
NVDA,SPY,60,1.981721,0.001482,0.325419,0.570455,0.374648,0.387060,0.111419,2026-07-09,2026-10-01,60d
NVDA,QQQ,252,1.287853,-0.000070,0.464700,0.681689,0.087420,0.376258,0.199162,2025-10-01,2026-10-01,1y_252d
NVDA,QQQ,60,1.248811,0.001391,0.375598,0.612861,0.211423,0.387060,0.189952,2026-07-09,2026-10-01,60d
AMZN,SPY,252,1.440265,-0.000170,0.296097,0.544148,0.140447,0.343425,0.129750,2025-10-01,2026-10-01,1y_252d
AMZN,SPY,60,1.670939,-0.000110,0.196116,0.442850,0.444209,0.420399,0.111419,2026-07-09,2026-10-01,60d
AMZN,QQQ,252,0.834096,-0.000070,0.233980,0.483715,0.095450,0.343425,0.199162,2025-10-01,2026-10-01,1y_252d
AMZN,QQQ,60,0.682091,0.000081,0.094983,0.308194,0.276460,0.420399,0.189952,2026-07-09,2026-10-01,60d
ASML,SPY,252,2.207710,0.001585,0.379723,0.616217,0.178456,0.464853,0.129750,2025-10-01,2026-10-01,1y_252d
ASML,SPY,60,1.486916,0.000039,0.166073,0.407521,0.437508,0.406531,0.111419,2026-07-09,2026-10-01,60d
ASML,QQQ,252,1.643205,0.001403,0.495637,0.704015,0.104836,0.464853,0.199162,2025-10-01,2026-10-01,1y_252d
ASML,QQQ,60,1.312722,-0.000300,0.376223,0.613370,0.221948,0.406531,0.189952,2026-07-09,2026-10-01,60d
NEE,SPY,252,0.188110,0.000064,0.013122,0.114553,0.103173,0.213065,0.129750,2025-10-01,2026-10-01,1y_252d
NEE,SPY,60,0.207571,-0.002472,0.027545,0.165968,0.161943,0.139348,0.111419,2026-07-09,2026-10-01,60d
NEE,QQQ,252,0.022479,0.000156,0.000442,0.021013,0.067646,0.213065,0.199162,2025-10-01,2026-10-01,1y_252d
NEE,QQQ,60,0.065336,-0.002435,0.007932,0.089062,0.095943,0.139348,0.189952,2026-07-09,2026-10-01,60d
AVGO,SPY,252,2.157156,-0.000629,0.363075,0.602557,0.180700,0.464505,0.129750,2025-10-01,2026-10-01,1y_252d
AVGO,SPY,60,1.866962,-0.002280,0.304073,0.551428,0.370864,0.377228,0.111419,2026-07-09,2026-10-01,60d
AVGO,QQQ,252,1.591654,-0.000794,0.465723,0.682439,0.107820,0.464505,0.199162,2025-10-01,2026-10-01,1y_252d
AVGO,QQQ,60,1.360139,-0.002499,0.469079,0.684893,0.190003,0.377228,0.189952,2026-07-09,2026-10-01,60d
LLY,SPY,252,0.301973,0.001701,0.012256,0.110707,0.171453,0.353915,0.129750,2025-10-01,2026-10-01,1y_252d
LLY,SPY,60,-0.301674,-0.000676,0.012957,-0.113830,0.345727,0.295282,0.111419,2026-07-09,2026-10-01,60d
LLY,QQQ,252,-0.020386,0.001902,0.000132,-0.011472,0.112382,0.353915,0.199162,2025-10-01,2026-10-01,1y_252d
LLY,QQQ,60,-0.421759,-0.000495,0.073611,-0.271313,0.196461,0.295282,0.189952,2026-07-09,2026-10-01,60d
EQUAL_WEIGHT_14,SPY,252,1.060559,0.000100,0.802235,0.895675,0.033303,0.153635,0.129750,2025-10-01,2026-10-01,1y_252d
EQUAL_WEIGHT_14,QQQ,252,0.631095,0.000158,0.669296,0.818105,0.028057,0.153635,0.199162,2025-10-01,2026-10-01,1y_252d
EQUAL_WEIGHT_14,SPY,60,1.100731,0.000068,0.778861,0.882531,0.077014,0.138966,0.111419,2026-07-09,2026-10-01,60d
EQUAL_WEIGHT_14,QQQ,60,0.575987,0.000103,0.619862,0.787313,0.059227,0.138966,0.189952,2026-07-09,2026-10-01,60d
