symbol,name,price,sma50,sma150,sma150_slope,stage,volume_confirmed,vol_ratio,extended_pct,asof
GOOGL,Alphabet Class A,344.08,343.7855,344.5126,0.481589,Stage 1 (Basing),False,1.3467,0.0009,2026-09-30
MSFT,Microsoft,512.9,482.1933,426.1233,-0.460053,Stage 3 (Topping),False,0.9646,0.0637,2026-09-30
V,Visa,359.33,368.1687,337.4656,0.015593,Stage 2 (Advancing),False,1.1274,-0.024,2026-09-30
HLT,Hilton,318.12,317.7379,320.5525,0.333297,Stage 1 (Basing),False,0.7158,0.0012,2026-09-30
AMT,American Tower,163.69,171.2253,173.5605,-0.022514,Stage 4 (Declining),False,1.0601,-0.044,2026-09-30
ADYEN.AS,Adyen N.V.,870.0,953.332,915.2987,-3.159211,Stage 4 (Declining),False,0.7891,-0.0874,2026-09-29
SNPS,Synopsys,434.94,403.0212,435.593,-0.141936,Stage 4 (Declining),False,2.3635,0.0792,2026-09-30
EQIX,Equinix,1011.58,1042.3112,1034.4685,1.839234,Stage 1 (Basing),False,1.0974,-0.0295,2026-09-30
NVDA,NVIDIA,228.38,217.2299,204.7524,0.159092,Stage 2 (Advancing),False,0.9912,0.0513,2026-09-30
AMZN,Amazon,249.15,256.119,245.7413,0.147678,Stage 2 (Advancing),False,1.0444,-0.0272,2026-09-30
ASML,ASML Holding,1811.67,1719.9785,1613.7463,4.094818,Stage 2 (Advancing),False,0.8871,0.0533,2026-09-30
NEE,NextEra Energy,75.74,83.2371,87.2976,0.054236,Stage 1 (Basing),False,1.1949,-0.0901,2026-09-30
AVGO,Broadcom,351.19,374.4542,376.692,0.299418,Stage 1 (Basing),False,0.8693,-0.0621,2026-09-30
LLY,Eli Lilly,1157.08,1177.3367,1077.4935,1.139637,Stage 2 (Advancing),True,1.3524,-0.0172,2026-09-30
